acousticness,artist_id,artist_names,danceability,duration_ms,energy,explicit,genre,instrumentalness,key,liveness,loudness,mode,popularity,release_date,song_title (censored),speechiness,tempo,valence,year
0.932,211197,['Dick Gregory'],0.56,217173,0.725,0,Comedy/Spoken,2.74E-05,1,0.691,-11.888,0,7,1961,Commentary on Affairs Political,0.934,107.281,0.654,1961
0.948,211197,['Dick Gregory'],0.479,344120,0.67,0,Comedy/Spoken,2.98E-05,1,0.742,-12.73,1,6,1961,Congo Daily Tribune,0.942,82.107,0.536,1961
0.947,211197,['Dick Gregory'],0.502,278547,0.649,0,Comedy/Spoken,5.82E-05,8,0.158,-13.369,1,4,1961,*** Proof,0.943,82.643,0.61,1961
0.942,211197,['Dick Gregory'],0.603,200320,0.564,0,Comedy/Spoken,3.82E-06,2,0.576,-13.167,1,4,1961,Not Poor -- Just Busted,0.934,116.457,0.624,1961
0.957,211197,['Dick Gregory'],0.561,138240,0.526,0,Comedy/Spoken,1.16E-05,11,0.54,-12.972,0,4,1961,Thoughts on Outer *****,0.945,154.069,0.67,1961
0.971,67561,['Bob Newhart'],0.418,440147,0.908,0,Comedy/Spoken,9.55E-06,1,0.83,-10.612,1,12,1961,Rocket Scientist,0.936,73.583,0.293,1961
0.949,67561,['Bob Newhart'],0.544,310813,0.88,0,Comedy/Spoken,0.000315,6,0.733,-10.329,1,10,1961,Tourist Meets Khrushchev,0.935,87.524,0.359,1961
0.957,67561,['Bob Newhart'],0.512,412200,0.866,0,Comedy/Spoken,0,3,0.883,-10.12,0,8,1961,The Seven Lost Cities of the Incas,0.903,121.782,0.294,1961
0.961,67561,['Bob Newhart'],0.495,475293,0.918,0,Comedy/Spoken,0,6,0.914,-10.17,1,8,1961,The African Movie,0.908,102.562,0.31,1961
0.941,67561,['Bob Newhart'],0.489,163773,0.953,0,Comedy/Spoken,1.50E-06,10,0.976,-10.525,0,8,1961,TV Commericals,0.916,81.907,0.182,1961
0.964,67561,['Bob Newhart'],0.519,70000,0.843,0,Comedy/Spoken,0,5,0.867,-10.673,0,7,1961,Herb Philbrick - Counter Spy,0.825,100.141,0.423,1961
0.922,120487,['Jack Kerouac'],0.556,96373,0.137,0,Comedy/Spoken,4.23E-06,0,0.185,-24.019,0,15,1959,The Moon Her Majesty (with Steve Allen),0.369,144.175,0.432,1959
0.971,120487,['Jack Kerouac'],0.667,370707,0.152,0,Comedy/Spoken,0,5,0.117,-22.002,1,14,1959,I Had a Slouch Hat Too One Time (with Steve Allen),0.5,107.969,0.557,1959
0.969,120487,['Jack Kerouac'],0.473,47400,0.0629,0,Comedy/Spoken,5.39E-05,2,0.099,-26.743,0,14,1959,One ****** (with Steve Allen),0.423,82.828,0.528,1959
0.959,120487,['Jack Kerouac'],0.565,112733,0.0743,0,Comedy/Spoken,1.39E-05,1,0.191,-24.968,1,13,1959,The Wheel of the Quivering Meat Conception (with Steve Allen),0.311,87.313,0.326,1959
0.961,120487,['Jack Kerouac'],0.694,37240,0.269,0,Comedy/Spoken,0.00256,2,0.172,-17.95,0,14,1959,I'd Rather Be Thin Than Famous (with Steve Allen),0.103,140.37,0.822,1959
0.972,120487,['Jack Kerouac'],0.659,203440,0.15,0,Comedy/Spoken,8.34E-06,9,0.152,-21.753,0,14,1959,Mcdougal Street ***** (with Steve Allen),0.479,116.148,0.545,1959
0.965,120487,['Jack Kerouac'],0.59,75667,0.0597,0,Comedy/Spoken,0,1,0.0896,-22.86,1,13,1959,Abraham (with Steve Allen),0.267,61.039,0.551,1959
0.957,120487,['Jack Kerouac'],0.754,30040,0.303,0,Comedy/Spoken,0.000607,0,0.266,-14.455,1,13,1959,Dave Brubeck (with Steve Allen),0.152,118.15,0.66,1959
0.942,120487,['Jack Kerouac'],0.615,133960,0.0121,0,Comedy/Spoken,0,5,0.0853,-28.04,1,9,1959,Hard Hearted Old Farmer,0.206,110.75,0.246,1959
0.983,120487,['Jack Kerouac'],0.686,229227,0.033,0,Comedy/Spoken,8.25E-06,5,0.147,-23.591,1,10,1959,The Last Hotel & **** of Dharma,0.07,94.376,0.0976,1959
0.905,120487,['Jack Kerouac'],0.714,849000,0.133,0,Comedy/Spoken,0,0,0.206,-15.762,1,9,1959,"Poems from the *********** ""Book of ******",0.554,126.071,0.427,1959
0.889,120487,['Jack Kerouac'],0.657,605040,0.0698,0,Comedy/Spoken,0,1,0.518,-23.183,1,8,1959,Conclusion of the Railroad Earth,0.535,109.84,0.414,1959
0.956,120487,['Jack Kerouac'],0.555,399107,0.0539,0,Comedy/Spoken,0,7,0.193,-24.601,0,8,1959,Old Western Movies,0.322,79.426,0.3,1959
0.982,120487,['Jack Kerouac'],0.568,427800,0.225,0,Comedy/Spoken,3.21E-05,1,0.15,-17.924,1,32,1959,October in the Railroad Earth (with Steve Allen),0.527,70.672,0.584,1959
0.99,120487,['Jack Kerouac'],0.654,223267,0.195,0,Comedy/Spoken,0.0023,5,0.109,-18.748,1,20,1959,Charlie Parker (with Steve Allen),0.257,123.487,0.462,1959
0.975,120487,['Jack Kerouac'],0.689,197440,0.247,0,Comedy/Spoken,1.54E-06,1,0.124,-17.59,1,19,1959,Sounds of the Universe Coming in My Window (with Steve Allen),0.874,65.194,0.501,1959
0.99,120487,['Jack Kerouac'],0.687,64373,0.194,0,Comedy/Spoken,2.91E-05,5,0.115,-17.901,1,17,1959,Deadbelly (with Steve Allen),0.403,128.173,0.377,1959
0.983,120487,['Jack Kerouac'],0.684,103107,0.217,0,Comedy/Spoken,7.97E-06,6,0.123,-16.702,1,16,1959,Goofing at the Table (with Steve Allen),0.517,78.715,0.533,1959
0.899,120487,['Jack Kerouac'],0.661,599707,0.0444,0,Comedy/Spoken,0.000433,10,0.14,-18.359,1,15,1959,American Haikus,0.214,133.552,0.213,1959
0.958,120487,['Jack Kerouac'],0.597,232773,0.151,0,Comedy/Spoken,0,5,0.155,-20.435,0,15,1959,Bowery ***** (with Steve Allen),0.568,83.949,0.424,1959
0.98,364861,['Rudy Ray Moore'],0.662,159999,0.464,0,Comedy/Spoken,1.84E-05,3,0.752,-11.695,0,10,1959,My ****,0.939,85.035,0.437,1959
0.977,364861,['Rudy Ray Moore'],0.568,153665,0.367,0,Comedy/Spoken,1.21E-06,11,0.837,-11.919,1,9,1959,Gloves and ****,0.84,170.742,0.64,1959
0.984,364861,['Rudy Ray Moore'],0.667,124320,0.526,0,Comedy/Spoken,0.00195,9,0.669,-9.356,1,9,1959,The New President - The Lady Speaker,0.883,99.355,0.614,1959
0.911,611877,['Tom Lehrer'],0.497,172813,0.472,0,Comedy/Spoken,0,0,0.699,-14.86,1,10,1/1/1959,***** My ****,0.791,130.771,0.325,1959
0.979,611877,['Tom Lehrer'],0.653,126453,0.233,0,Comedy/Spoken,0,5,0.131,-13.825,1,10,1/1/1959,Bright College Days,0.324,128.796,0.486,1959
0.967,611877,['Tom Lehrer'],0.642,102840,0.215,0,Comedy/Spoken,0,5,0.0929,-13.375,1,9,1/1/1959,A Christmas Carol,0.316,98.521,0.683,1959
0.964,611877,['Tom Lehrer'],0.68,257973,0.238,0,Comedy/Spoken,0,0,0.168,-13.899,1,9,1/1/1959,Clementine,0.387,120.33,0.517,1959
0.973,611877,['Tom Lehrer'],0.555,248387,0.282,0,Comedy/Spoken,1.94E-06,2,0.0948,-13.313,1,9,1/1/1959,In Old Mexico,0.0639,110.6,0.457,1959
0.956,611877,['Tom Lehrer'],0.656,86453,0.372,0,Comedy/Spoken,0,0,0.129,-12.495,1,38,1/1/1959,The Elements (Music By Sir Arthur Sullivan),0.0811,115.39,0.916,1959
0.965,611877,['Tom Lehrer'],0.562,159467,0.435,0,Comedy/Spoken,0,7,0.932,-13.963,1,34,1/1/1959,Poisoning Pigeons In The Park,0.575,111.367,0.591,1959
0.984,611877,['Tom Lehrer'],0.646,207080,0.212,0,Comedy/Spoken,0,5,0.122,-14.477,1,21,1/1/1959,We Will All Go Together When We Go,0.131,118.142,0.608,1959
0.944,611877,['Tom Lehrer'],0.569,223400,0.607,0,Comedy/Spoken,0,7,0.901,-15.267,1,20,1/1/1959,Oedipus Rex,0.903,117.335,0.194,1959
0.873,611877,['Tom Lehrer'],0.549,290520,0.646,0,Comedy/Spoken,0,0,0.71,-13.276,1,18,1/1/1959,It Makes A Fellow Proud To Be A Soldier,0.894,129.636,0.44,1959
0.946,611877,['Tom Lehrer'],0.52,183187,0.519,0,Comedy/Spoken,0,5,0.925,-15.615,1,17,1/1/1959,Bright College Days,0.932,138.795,0.532,1959
0.945,611877,['Tom Lehrer'],0.487,281053,0.486,0,Comedy/Spoken,3.85E-06,0,0.984,-16.101,1,16,1/1/1959,Clementine,0.882,129.26,0.348,1959
0.954,611877,['Tom Lehrer'],0.555,138853,0.572,0,Comedy/Spoken,2.00E-06,0,0.723,-16.13,1,16,1/1/1959,The Elements (Music By Sir Arthur Sullivan),0.782,122.268,0.571,1959
0.986,611877,['Tom Lehrer'],0.506,133493,0.255,0,Comedy/Spoken,0,7,0.17,-15.268,1,15,1/1/1959,Poisoning Pigeons In The Park,0.292,204.113,0.61,1959
0.953,611877,['Tom Lehrer'],0.519,395573,0.458,0,Comedy/Spoken,1.05E-06,2,0.936,-14.234,1,16,1/1/1959,In Old Mexico,0.775,110.804,0.498,1959
0.982,611877,['Tom Lehrer'],0.718,99640,0.268,0,Comedy/Spoken,0,0,0.122,-14.751,1,14,1/1/1959,Oedipus Rex,0.27,112.344,0.873,1959
0.915,611877,['Tom Lehrer'],0.491,330707,0.507,0,Comedy/Spoken,0,5,0.816,-13.84,1,14,1/1/1959,We Will All Go Together When We Go,0.931,88.701,0.457,1959
0.969,611877,['Tom Lehrer'],0.616,183253,0.259,0,Comedy/Spoken,0,7,0.11,-12.069,0,14,1/1/1959,The Masochism Tango,0.106,117.719,0.685,1959
0.982,611877,['Tom Lehrer'],0.487,108813,0.228,0,Comedy/Spoken,0,0,0.17,-14.222,1,14,1/1/1959,***** My ****,0.0928,75.821,0.529,1959
0.903,611877,['Tom Lehrer'],0.534,210320,0.641,0,Comedy/Spoken,0,2,0.898,-8.971,0,13,1/1/1959,The Masochism Tango,0.572,123.8,0.628,1959
0.971,611877,['Tom Lehrer'],0.685,160347,0.32,0,Comedy/Spoken,0,0,0.199,-12.789,1,11,1/1/1959,It Makes A Fellow Proud To Be A Soldier,0.397,125.949,0.869,1959
0.94,611877,['Tom Lehrer'],0.581,158707,0.414,0,Comedy/Spoken,0,5,0.899,-17.244,1,11,1/1/1959,A Christmas Carol,0.912,65.589,0.749,1959
0.993,744548,['Spike Jones'],0.647,152880,0.656,0,Comedy/Spoken,0.00909,3,0.393,-8.899,1,2,10/14/1943,Ridin' for a Fall,0.152,98.393,0.903,1943
0.981,744548,['Spike Jones'],0.47,143685,0.933,0,Comedy/Spoken,0.786,10,0.853,-6.697,1,0,10/14/1943,"Hotcha Cornia, Black Eyes",0.21,164.328,0.631,1943
0.312,802264,['Cassius Clay'],0.747,131267,0.397,0,Comedy/Spoken,0,7,0.114,-13.255,1,31,1963,Stand by Me,0.0406,115.381,0.967,1963
0.85,2273,['Allan Sherman'],0.505,197333,0.403,0,Comedy/Spoken,0,8,0.661,-12.125,1,15,1963,Return to Camp *******,0.129,93.871,0.382,1963
0.74,70534,['Bill Cosby'],0.532,75640,0.868,0,Comedy/Spoken,0,10,0.886,-14.188,0,16,1963,Noah: And the Neighbor,0.913,91.105,0.0549,1963
0.914,70534,['Bill Cosby'],0.605,63440,0.89,0,Comedy/Spoken,0,1,0.852,-12.366,1,15,1963,Superman,0.939,61.384,0.281,1963
0.869,70534,['Bill Cosby'],0.598,310840,0.626,0,Comedy/Spoken,0,8,0.953,-11.955,1,15,1963,Karate,0.939,139.593,0.454,1963
0.925,70534,['Bill Cosby'],0.561,181307,0.673,0,Comedy/Spoken,0,8,0.244,-11.158,1,13,1963,"Noah: Me and You, Lord",0.945,62.984,0.592,1963
0.88,70534,['Bill Cosby'],0.588,105733,0.704,0,Comedy/Spoken,0,8,0.897,-11.302,1,12,1963,Little Tiny Hairs,0.919,86.866,0.472,1963
0.876,70534,['Bill Cosby'],0.621,134133,0.68,0,Comedy/Spoken,0,2,0.74,-11.266,0,11,1963,The Difference Between Men and Woman,0.913,110.247,0.654,1963
0.92,70534,['Bill Cosby'],0.59,187227,0.629,0,Comedy/Spoken,0,9,0.76,-12.376,1,11,1963,Greasy Kid Stuff,0.935,121.579,0.253,1963
0.911,70534,['Bill Cosby'],0.601,105387,0.639,0,Comedy/Spoken,0,10,0.737,-10.609,1,10,1963,The Pep Talk,0.92,105.376,0.71,1963
0.916,70534,['Bill Cosby'],0.55,105600,0.701,0,Comedy/Spoken,0,5,0.77,-12.25,0,11,1963,Hoof and Mouth,0.934,63.199,0.53,1963
0.944,70534,['Bill Cosby'],0.711,130347,0.474,0,Comedy/Spoken,0,11,0.704,-12.333,0,17,1963,Toss of the Coin,0.949,105.261,0.404,1963
0.94,70534,['Bill Cosby'],0.545,195360,0.556,0,Comedy/Spoken,0,8,0.733,-12.783,0,17,1963,A Nut in Every Car,0.931,93.059,0.579,1963
0.862,70534,['Bill Cosby'],0,215280,0.77,0,Comedy/Spoken,1.88E-06,9,0.694,-15.316,0,16,1963,Noah: Right!,0,0,0,1963
0.699,500612,['Adam Sandler'],0.405,303040,0.558,0,Comedy/Spoken,0,8,0.659,-10.194,0,34,9/24/1993,Lunchlady Land,0.465,85.891,0.433,1993
0.826,500612,['Adam Sandler'],0.396,228133,0.577,0,Comedy/Spoken,0,6,0.954,-13.277,1,29,9/24/1993,The Thanksgiving Song,0.823,88.212,0.343,1993
0.486,500612,['Adam Sandler'],0.513,197293,0.523,1,Comedy/Spoken,0,0,0.102,-5.844,1,41,9/24/1993,At a Medium Pace,0.0476,155.552,0.371,1993
0.554,238245,['Denis Leary'],0.378,266173,0.664,0,Comedy/Spoken,0,2,0.154,-10.652,1,48,1/1/1993,****,0.249,172.866,0.649,1993
0.751,225690,['Jeff Foxworthy'],0.469,162933,0.825,0,Comedy/Spoken,0,4,0.843,-12.66,1,31,6/15/1993,You Might Be a Redneck If...,0.941,167.683,0.0617,1993
0.362,500612,['Adam Sandler'],0.788,235040,0.455,1,Comedy/Spoken,0,9,0.139,-8.761,1,39,2/9/1996,Ode to My Car,0.0587,131.459,0.605,1996
0.766,500612,['Adam Sandler'],0.356,223947,0.503,0,Comedy/Spoken,2.51E-06,9,0.871,-8.937,1,35,2/9/1996,Chanukah Song - The,0.0734,88.816,0.331,1996
0.858,500612,['Adam Sandler'],0.54,115320,0.382,0,Comedy/Spoken,0,9,0.0967,-12.183,1,44,1979,Grow Old with You,0.454,106.608,0.857,1979
0.903,245133,['Robert Klein'],0.531,162640,0.106,0,Comedy/Spoken,2.61E-05,2,0.137,-20.683,1,42,1/1/1979,Fallin' - **** Original Broadway Cast,0.0527,131.263,0.295,1979
0.857,287860,['Robin Williams'],0.52,486429,0.552,1,Comedy/Spoken,1.25E-05,1,0.972,-19.593,1,25,1/1/1979,Nicky Lenin,0.907,111.722,0.424,1979
0.82,287860,['Robin Williams'],0.513,245522,0.331,1,Comedy/Spoken,0,10,0.815,-22.549,1,24,1/1/1979,Pop Goes The Weasel,0.943,79.248,0.616,1979
0.861,287860,['Robin Williams'],0.663,103909,0.345,1,Comedy/Spoken,1.68E-06,10,0.955,-22.862,0,24,1/1/1979,Kindergarten Of The Stars,0.919,82.852,0.51,1979
0.858,287860,['Robin Williams'],0.569,145148,0.679,1,Comedy/Spoken,0,9,0.697,-16.447,1,23,1/1/1979,Come Inside My Mind,0.927,102.229,0.679,1979
0.845,287860,['Robin Williams'],0.549,64528,0.65,1,Comedy/Spoken,2.08E-05,7,0.768,-20.189,1,23,1/1/1979,A Touch Of Fairfax,0.623,45.518,0.45,1979
0.914,287860,['Robin Williams'],0.543,464910,0.359,1,Comedy/Spoken,1.81E-06,0,0.809,-18.435,1,23,1/1/1979,Reverend Earnest Angry,0.6,134.773,0.732,1979
0.842,287860,['Robin Williams'],0.504,655592,0.526,1,Comedy/Spoken,2.50E-06,1,0.962,-20.955,1,20,1/1/1979,Shakespeare (A Meltdowner's **********,0.935,95.052,0.389,1979
0.795,43444,['Steve Martin'],0.554,186227,0.726,0,Comedy/Spoken,0,10,0.685,-15.596,1,28,9/14/1979,Googlephonics,0.884,115.111,0.138,1979
0.712,500612,['Adam Sandler'],0.851,112859,0.265,1,Comedy/Spoken,0.000711,4,0.75,-14.402,1,44,1998,******** **** Me,0.432,116.467,0.94,1998
0.578,43444,['Steve Martin'],0.427,172107,0.354,0,Comedy/Spoken,0,4,0.335,-16.576,1,45,1/1/1998,Playing With The Big Boys - The Prince Of Egypt/Soundtrack Version,0.117,122.477,0.157,1998
0.745,752150,['Andrew Dice Clay'],0.388,207093,0.658,0,Comedy/Spoken,0,2,0.965,-12.845,1,26,1/1/1989,****** Goose,0.679,79.992,0.195,1989
0.752,792051,['Bebe Neuwirth'],0.641,374573,0.304,0,Comedy/Spoken,0,5,0.322,-12.75,1,40,1/27/1997,Cell Block Tango,0.489,137.238,0.719,1997
0.8,615937,['Brian Regan'],0.612,69240,0.501,0,Comedy/Spoken,3.21E-06,6,0.781,-13.787,1,38,10/28/1997,Crank *****,0.936,56.863,0.464,1997
0.795,615937,['Brian Regan'],0.577,391773,0.474,0,Comedy/Spoken,0,5,0.726,-14.456,1,36,10/28/1997,Big Family Stuff,0.894,89.767,0.323,1997
0.895,615937,['Brian Regan'],0.488,82467,0.404,0,Comedy/Spoken,1.42E-06,9,0.688,-19.636,1,34,10/28/1997,Whale Noises,0.898,48.991,0.383,1997
0.821,615937,['Brian Regan'],0.536,175440,0.49,0,Comedy/Spoken,1.53E-05,5,0.933,-14.237,1,33,10/28/1997,Horns & Windshields,0.89,93.271,0.309,1997
0.85,615937,['Brian Regan'],0.561,102800,0.64,0,Comedy/Spoken,6.33E-06,5,0.927,-13.327,1,33,10/28/1997,Monster Truck Drivers,0.872,93.148,0.496,1997
0.871,615937,['Brian Regan'],0.555,149760,0.55,0,Comedy/Spoken,0.000308,6,0.679,-16.25,1,33,10/28/1997,*** Barking,0.869,89.322,0.223,1997
0.778,615937,['Brian Regan'],0.73,62000,0.538,0,Comedy/Spoken,0,7,0.682,-14.616,1,32,10/28/1997,Evel Knievel,0.948,94.155,0.684,1997
0.794,615937,['Brian Regan'],0.512,316560,0.518,0,Comedy/Spoken,0,6,0.681,-15.388,1,45,10/28/1997,**** In School,0.921,53.3,0.278,1997
0.807,615937,['Brian Regan'],0.445,94307,0.543,0,Comedy/Spoken,1.30E-06,6,0.67,-15.884,0,43,10/28/1997,Hooked On Phonix,0.938,178.007,0.356,1997
0.826,615937,['Brian Regan'],0.538,400733,0.444,0,Comedy/Spoken,0,7,0.946,-15.407,1,42,10/28/1997,Lousy In Little League,0.903,82.715,0.334,1997
0.794,615937,['Brian Regan'],0.557,292920,0.635,0,Comedy/Spoken,2.88E-06,6,0.921,-14.276,0,39,10/28/1997,You Too & Stuff,0.887,131.606,0.213,1997
0.778,792051,['Bebe Neuwirth'],0.501,286533,0.0877,0,Comedy/Spoken,0,0,0.225,-16.34,1,2,1947,"******** (from ""Chicago"")",0.0341,97.935,0.29,1947
0.784,70534,['Bill Cosby'],0.508,80640,0.67,0,Comedy/Spoken,0,6,0.865,-13.764,1,16,1964,Street ********,0.908,107.684,0.574,1964
0.931,70534,['Bill Cosby'],0.594,116133,0.263,0,Comedy/Spoken,0,10,0.914,-17.354,0,15,1964,Sneakers,0.943,71.281,0.673,1964
0.674,70534,['Bill Cosby'],0.709,113360,0.595,0,Comedy/Spoken,0.000274,1,0.707,-18.71,1,13,1964,Ralph Jameson,0.568,118.514,0.446,1964
0.881,70534,['Bill Cosby'],0.426,54547,0.823,0,Comedy/Spoken,0,11,0.71,-10.849,1,13,1964,The Water Bottle,0.911,171.037,0.507,1964
0.914,70534,['Bill Cosby'],0.671,73147,0.271,0,Comedy/Spoken,0,9,0.738,-16.761,1,13,1964,T.V. ********,0.936,49.893,0.685,1964
0.931,70534,['Bill Cosby'],0.673,167440,0.373,0,Comedy/Spoken,0,3,0.956,-16.268,1,13,1964,Rigor Mortis,0.945,113.506,0.783,1964
0.953,70534,['Bill Cosby'],0.563,187067,0.468,0,Comedy/Spoken,0,3,0.738,-15.112,1,10,1964,The Lone Ranger,0.952,149.453,0.633,1964
0.945,70534,['Bill Cosby'],0.641,58240,0.444,0,Comedy/Spoken,0,6,0.7,-16.589,1,10,1964,Oops!,0.95,78.101,0.741,1964
0.935,70534,['Bill Cosby'],0.612,228453,0.316,0,Comedy/Spoken,0,1,0.802,-17.875,1,10,1964,Seattle,0.931,138.383,0.723,1964
0.917,70534,['Bill Cosby'],0.566,148373,0.29,0,Comedy/Spoken,0,10,0.723,-18.346,0,10,1964,The Giant,0.941,85.846,0.727,1964
0.908,70534,['Bill Cosby'],0.708,103307,0.318,0,Comedy/Spoken,0,10,0.867,-17.32,0,10,1964,Christmas Time,0.94,61.309,0.628,1964
0.955,70534,['Bill Cosby'],0.635,224987,0.397,0,Comedy/Spoken,0,10,0.771,-15.765,1,10,1964,Medic,0.938,110.449,0.745,1964
0.937,70534,['Bill Cosby'],0.646,46867,0.445,0,Comedy/Spoken,0,0,0.754,-15.353,1,9,1964,Half Man,0.948,60.037,0.779,1964
0.959,70534,['Bill Cosby'],0.589,45533,0.361,0,Comedy/Spoken,0,8,0.73,-16.917,1,10,1964,My Pet Rhinoceros,0.952,70.748,0.828,1964
0.907,70534,['Bill Cosby'],0.626,195587,0.415,0,Comedy/Spoken,0,8,0.696,-19.554,1,10,1964,The Neanderthal Man,0.948,75.833,0.619,1964
0.916,364861,['Rudy Ray Moore'],0.594,137857,0.534,1,Comedy/Spoken,0,5,0.792,-13.184,1,9,1964,The Songs and Humor: Harelip Kid,0.957,91.592,0.588,1964
0.799,364861,['Rudy Ray Moore'],0.598,265149,0.346,1,Comedy/Spoken,0,7,0.517,-13.611,1,9,1964,Indian Reservation: Mistreated,0.855,99.225,0.521,1964
0.94,364861,['Rudy Ray Moore'],0.618,281275,0.376,1,Comedy/Spoken,0,10,0.397,-15.207,0,9,1964,Who Done It?: Beatniks,0.945,98.264,0.481,1964
0.762,899198,['The Smothers Brothers'],0.533,311800,0.106,0,Comedy/Spoken,0,4,0.685,-23.955,1,11,1964,Crabs Walk Sideways,0.446,122.972,0.345,1964
0.958,70534,['Bill Cosby'],0.517,494507,0.535,0,Comedy/Spoken,0,7,0.817,-14.993,0,18,1965,Kindergarten,0.909,128.231,0.603,1965
0.915,70534,['Bill Cosby'],0.538,189000,0.622,0,Comedy/Spoken,0,8,0.813,-15.535,1,16,1965,Shop,0.896,112.344,0.409,1965
0.946,70534,['Bill Cosby'],0.484,458933,0.62,0,Comedy/Spoken,0,7,0.786,-14.553,0,15,1965,$75 Car,0.933,94.517,0.656,1965
0.941,70534,['Bill Cosby'],0.486,62493,0.722,0,Comedy/Spoken,1.41E-05,7,0.913,-14.568,1,15,1965,Personal Hygiene,0.91,64.908,0.848,1965
0.94,70534,['Bill Cosby'],0.525,230360,0.679,0,Comedy/Spoken,0,7,0.883,-13.695,0,14,1965,Driving in San Francisco,0.925,106.642,0.631,1965
0.926,70534,['Bill Cosby'],0.438,226373,0.746,0,Comedy/Spoken,0,1,0.786,-14.337,1,14,1965,Baby,0.924,85.178,0.577,1965
0.904,611877,['Tom Lehrer'],0.602,144720,0.479,0,Comedy/Spoken,0,0,0.728,-13.894,1,17,1/1/1965,MLF Lullaby,0.912,121.708,0.928,1965
0.897,611877,['Tom Lehrer'],0.501,131893,0.451,0,Comedy/Spoken,0,3,0.751,-12.767,1,16,1/1/1965,The Folk Song Army,0.83,80.614,0.847,1965
0.892,611877,['Tom Lehrer'],0.586,327347,0.481,0,Comedy/Spoken,0,5,0.865,-13.388,1,15,1/1/1965,Alma,0.891,111.559,0.769,1965
0.861,611877,['Tom Lehrer'],0.536,128573,0.533,0,Comedy/Spoken,0,2,0.702,-12.045,1,15,1/1/1965,George Murphy,0.818,117.675,0.81,1965
0.903,611877,['Tom Lehrer'],0.543,132840,0.535,0,Comedy/Spoken,0,3,0.767,-12.283,1,14,1/1/1965,Whatever Became Of Hubert?,0.824,92.334,0.842,1965
0.873,611877,['Tom Lehrer'],0.575,268680,0.576,0,Comedy/Spoken,0,7,0.786,-12.972,1,29,1/1/1965,New Math,0.914,141.717,0.694,1965
0.91,611877,['Tom Lehrer'],0.46,106600,0.575,0,Comedy/Spoken,0,7,0.709,-13.058,1,26,1/1/1965,Wernher Von Braun,0.929,174.122,0.83,1965
0.837,611877,['Tom Lehrer'],0.621,134333,0.61,0,Comedy/Spoken,0,0,0.726,-10.861,1,25,1/1/1965,The Vatican Rag,0.523,111.189,0.86,1965
0.86,611877,['Tom Lehrer'],0.616,155693,0.526,0,Comedy/Spoken,0,3,0.719,-12.266,1,25,1/1/1965,National Brotherhood Week,0.886,108.042,0.921,1965
0.86,611877,['Tom Lehrer'],0.594,119720,0.605,0,Comedy/Spoken,0,3,0.728,-11.084,1,24,1/1/1965,Who's Next?,0.804,107.001,0.922,1965
0.894,611877,['Tom Lehrer'],0.602,136373,0.426,0,Comedy/Spoken,0,0,0.854,-12.279,1,22,1/1/1965,Pollution,0.443,91.03,0.754,1965
0.891,611877,['Tom Lehrer'],0.604,143320,0.59,0,Comedy/Spoken,0,5,0.736,-12.321,1,22,1/1/1965,"So Long, Mom (A Song For World War III)",0.93,134.474,0.945,1965
0.889,611877,['Tom Lehrer'],0.586,194800,0.607,0,Comedy/Spoken,0,3,0.739,-11.918,1,20,1/1/1965,****,0.777,134.66,0.857,1965
0.837,611877,['Tom Lehrer'],0.627,105960,0.658,0,Comedy/Spoken,0,5,0.722,-11.671,1,18,1/1/1965,Send The Marines,0.912,63.631,0.894,1965
0.775,70534,['Bill Cosby'],0.513,464693,0.63,0,Comedy/Spoken,0,6,0.779,-11.923,1,24,1/1/1982,Chocolate Cake For Breakfast,0.911,97.098,0.1,1982
0.829,70534,['Bill Cosby'],0.627,261400,0.778,0,Comedy/Spoken,0,0,0.844,-12.088,1,24,1/1/1982,Brain Damage,0.945,114.387,0.094,1982
0.76,70534,['Bill Cosby'],0.4,359816,0.931,0,Comedy/Spoken,0,3,0.929,-10.307,0,22,1/1/1982,The Dentist,0.908,84.547,0.0372,1982
0.836,70534,['Bill Cosby'],0.52,477040,0.78,0,Comedy/Spoken,0,10,0.725,-10.894,1,20,1/1/1982,Same Thing Happens Every *****,0.932,108.327,0.152,1982
0.845,142208,['Eddie Murphy'],0.527,487907,0.94,1,Comedy/Spoken,0,6,0.945,-9.718,1,27,1982,Drinking *******,0.887,87.543,0.21,1982
0.938,142208,['Eddie Murphy'],0.507,106200,0.952,1,Comedy/Spoken,0,11,0.967,-9.386,1,24,1982,The Barbecue,0.92,139.226,0.414,1982
0.831,142208,['Eddie Murphy'],0.379,204840,0.869,1,Comedy/Spoken,0,1,0.984,-11.367,0,24,1982,Ice Cream Man,0.697,109.951,0.347,1982
0.9,142208,['Eddie Murphy'],0.521,116627,0.527,0,Comedy/Spoken,4.13E-06,1,0.753,-20.479,1,23,1982,"""Buckwheat""",0.918,130.314,0.212,1982
0.805,142208,['Eddie Murphy'],0.46,153133,0.358,1,Comedy/Spoken,0,6,0.971,-23.64,1,22,1982,Black Movie Theaters,0.908,98.156,0.352,1982
0.855,142208,['Eddie Murphy'],0.487,349107,0.922,1,Comedy/Spoken,0,6,0.956,-9.35,0,22,1982,Hit By a Car,0.759,96.106,0.483,1982
0.934,142208,['Eddie Murphy'],0.506,191533,0.934,1,Comedy/Spoken,3.14E-06,1,0.651,-9.513,1,22,1982,Boxers,0.945,172.728,0.22,1982
0.88,142208,['Eddie Murphy'],0.485,411093,0.978,1,Comedy/Spoken,0,9,0.678,-9.503,1,22,1982,Singers,0.888,101.297,0.0509,1982
0.804,142208,['Eddie Murphy'],0.565,244707,0.354,1,Comedy/Spoken,0,1,0.926,-22.378,1,21,1982,Drinking *******,0.929,93.591,0.489,1982
0.257,142208,['Eddie Murphy'],0.875,250133,0.693,0,Comedy/Spoken,0.0011,4,0.0913,-11.9,0,30,1982,Boogie in Your Butt,0.191,116.508,0.677,1982
0.922,70534,['Bill Cosby'],0.446,742400,0.736,0,Comedy/Spoken,0,11,0.915,-12.685,1,14,1966,Chicken Heart,0.942,77.607,0.22,1966
0.949,70534,['Bill Cosby'],0.551,906707,0.604,0,Comedy/Spoken,0,6,0.721,-12.264,1,13,1966,Tonsils,0.936,124.325,0.344,1966
0.965,70534,['Bill Cosby'],0.569,196560,0.698,0,Comedy/Spoken,0,6,0.947,-11.577,1,13,1966,The Playground,0.944,124.75,0.384,1966
0.978,70534,['Bill Cosby'],0.554,85867,0.745,0,Comedy/Spoken,0,9,0.705,-11.091,1,12,1966,Special *****,0.942,96.319,0.662,1966
0.736,70534,['Bill Cosby'],0.513,106733,0.844,0,Comedy/Spoken,0,10,0.945,-6.72,1,16,1968,The Apple,0.732,70.873,0.512,1968
0.883,603980,['Tiny Tim'],0.526,172373,0.215,0,Comedy/Spoken,0.209,4,0.208,-20.805,1,22,1968,Then I'd Be Satisfied with My Life,0.0382,140.314,0.628,1968
0.891,603980,['Tiny Tim'],0.186,203293,0.195,0,Comedy/Spoken,0.0155,3,0.111,-19.85,1,21,1968,Strawberry Tea,0.0345,78.435,0.337,1968
0.882,603980,['Tiny Tim'],0.565,160040,0.449,0,Comedy/Spoken,0.00701,3,0.0922,-18.278,0,20,1968,Stay Down Here Where You Belong,0.0551,103.76,0.531,1968
0.911,603980,['Tiny Tim'],0.603,125933,0.276,0,Comedy/Spoken,0.00237,4,0.484,-19.238,1,51,1968,"Livin' in the Sunlight, Lovin' in the Moon Light",0.0871,99.561,0.86,1968
0.97,603980,['Tiny Tim'],0.588,110840,0.165,0,Comedy/Spoken,0.000117,4,0.206,-20.076,1,49,1968,Tip Toe Thru' the Tulips with Me,0.0498,135.958,0.605,1968
0.881,603980,['Tiny Tim'],0.616,220387,0.236,0,Comedy/Spoken,0.0283,11,0.198,-19.288,1,28,1968,On the Old Front Porch,0.036,122.302,0.772,1968
0.943,67561,['Bob Newhart'],0.447,314467,0.85,0,Comedy/Spoken,0.000116,11,0.806,-14.257,1,12,1960,********** and a Private in Washington's Army,0.917,134.304,0.21,1960
0.914,67561,['Bob Newhart'],0.445,569307,0.632,0,Comedy/Spoken,0,11,0.956,-18.626,1,12,1960,The Grace L. Ferguson Airline (And Storm Door Co.),0.942,81.043,0.288,1960
0.831,67561,['Bob Newhart'],0.443,97360,0.848,0,Comedy/Spoken,0,11,0.724,-14.273,1,9,1960,An Infinite Number of Monkeys,0.842,92.911,0.343,1960
0.933,67561,['Bob Newhart'],0.493,378960,0.536,0,Comedy/Spoken,0,6,0.895,-19.096,1,15,1960,Bus Drivers School,0.928,94.967,0.432,1960
0.993,824219,['Jonathan Winters'],0.559,362147,0.338,0,Comedy/Spoken,0.000949,10,0.74,-21.967,0,4,1960,Hip Robin Hood,0.903,134.877,0.738,1960
0.893,611877,['Tom Lehrer'],0.497,207827,0.518,0,Comedy/Spoken,0,1,0.713,-21.175,0,9,1/1/1960,Introduction,0.95,94.198,0.145,1960
0.942,611877,['Tom Lehrer'],0.422,115120,0.309,0,Comedy/Spoken,0,5,0.963,-18.206,1,21,1/1/1960,I Hold Your **** In Mine,0.494,85.266,0.587,1960
0.897,611877,['Tom Lehrer'],0.531,313707,0.314,0,Comedy/Spoken,0,2,0.778,-18.402,0,20,1/1/1960,The Irish Ballad,0.938,69.59,0.546,1960
0.882,611877,['Tom Lehrer'],0.592,259853,0.333,0,Comedy/Spoken,0,9,0.724,-19.788,0,20,1/1/1960,Lobachevsky,0.916,80.145,0.436,1960
0.903,611877,['Tom Lehrer'],0.577,176120,0.413,0,Comedy/Spoken,0,10,0.71,-17.626,1,17,1/1/1960,I Wanna Go Back To Dixie,0.883,119.243,0.746,1960
0.913,611877,['Tom Lehrer'],0.529,147360,0.316,0,Comedy/Spoken,0,7,0.687,-17.099,1,16,1/1/1960,When You Are Old And Grey,0.626,127.362,0.745,1960
0.92,611877,['Tom Lehrer'],0.486,151307,0.322,0,Comedy/Spoken,0,3,0.725,-19.529,1,16,1/1/1960,The Wild West Is Where I Want To Be,0.773,94.174,0.834,1960
0.912,611877,['Tom Lehrer'],0.565,159973,0.557,0,Comedy/Spoken,6.32E-06,0,0.535,-17.418,1,13,1/1/1960,Be Prepared,0.934,126.315,0.738,1960
0.963,611877,['Tom Lehrer'],0.418,102760,0.211,0,Comedy/Spoken,0,0,0.923,-21.385,1,12,1/1/1960,The Old Dope Peddler,0.86,72.864,0.664,1960
0.917,611877,['Tom Lehrer'],0.555,171573,0.346,0,Comedy/Spoken,0,2,0.802,-19.16,1,12,1/1/1960,"Fight Fiercely, Harvard",0.899,129.224,0.394,1960
0.957,611877,['Tom Lehrer'],0.528,178240,0.227,0,Comedy/Spoken,0,0,0.803,-18.279,1,11,1/1/1960,My Home Town,0.19,94.271,0.522,1960
0.941,611877,['Tom Lehrer'],0.495,141440,0.348,0,Comedy/Spoken,0,8,0.738,-17.059,1,10,1/1/1960,The Wiener Schnitzel Waltz,0.64,109.763,0.469,1960
0.899,611877,['Tom Lehrer'],0.567,119013,0.508,0,Comedy/Spoken,0,0,0.917,-17.013,1,10,1/1/1960,The Hunting Song,0.922,120.719,0.762,1960
0.265,106298,['Cheech & Chong'],0.619,292827,0.659,0,Comedy/Spoken,0,0,0.163,-11.89,1,27,1985,Born In East L.A.,0.0491,121.679,0.731,1985
0.0098,142208,['Eddie Murphy'],0.699,253293,0.696,0,Comedy/Spoken,0.000345,11,0.0427,-13.045,1,57,2/5/1985,Party All the Time,0.0458,135.027,0.673,1985
0.8,47246,['Steven Wright'],0.486,282773,0.931,0,Comedy/Spoken,0,1,0.687,-12.188,1,29,1985,Ants,0.935,63.953,0.0563,1985
0.811,47246,['Steven Wright'],0.37,254920,0.942,0,Comedy/Spoken,3.00E-06,1,0.908,-11.139,1,26,1985,Introduction,0.916,145.389,0.0456,1985
0.83,47246,['Steven Wright'],0.387,207880,0.948,0,Comedy/Spoken,1.94E-06,2,0.86,-11.635,1,25,1985,*** Stay,0.919,82.07,0.0388,1985
0.833,47246,['Steven Wright'],0.448,133880,0.917,0,Comedy/Spoken,0,5,0.879,-11.226,0,25,1985,Hitchhiking,0.935,88.044,0.118,1985
0.839,47246,['Steven Wright'],0.389,148707,0.97,0,Comedy/Spoken,1.55E-06,10,0.87,-11.208,0,22,1985,Ice,0.92,145.489,0.0688,1985
0.73,47246,['Steven Wright'],0.39,290613,0.89,0,Comedy/Spoken,1.44E-06,0,0.362,-10.397,1,22,1985,Rachel,0.887,90.765,0.159,1985
0.532,106298,['Cheech & Chong'],0.704,166920,0.808,0,Comedy/Spoken,0,10,0.317,-4.546,1,25,1976,Framed,0.44,124.46,0.855,1976
0.532,106298,['Cheech & Chong'],0.704,166920,0.808,0,Comedy/Spoken,0,10,0.317,-4.546,1,26,1978,Framed,0.44,124.46,0.855,1978
0.00408,106298,['Cheech & Chong'],0.527,185200,0.814,0,Comedy/Spoken,7.77E-05,9,0.218,-8.791,1,25,1978,Rock Fight,0.0375,148.064,0.465,1978
0.403,106298,['Cheech & Chong'],0.681,83693,0.407,0,Comedy/Spoken,0,11,0.104,-19.488,1,24,1978,Dave,0.943,80.179,0.11,1978
0.117,106298,['Cheech & Chong'],0.523,237040,0.493,1,Comedy/Spoken,5.88E-05,9,0.103,-9.218,1,22,1978,Up In Smoke ****,0.0355,99.048,0.478,1978
0.803,106298,['Cheech & Chong'],0.641,145640,0.34,1,Comedy/Spoken,0,9,0.096,-11.368,1,40,1978,Up in Smoke,0.0282,98.715,0.586,1978
0.813,295415,['Richard Pryor'],0.511,166360,0.385,0,Comedy/Spoken,1.86E-06,4,0.175,-11.342,1,23,1/1/1978,So You Wanted To See The Wizard,0.351,76.983,0.25,1978
0.234,295415,['Richard Pryor'],0.418,403800,0.83,0,Comedy/Spoken,0.00141,6,0.244,-7.7,0,28,1/1/1978,Emerald City Sequence,0.119,124.052,0.549,1978
0.573,43444,['Steve Martin'],0.513,219840,0.772,0,Comedy/Spoken,0,9,0.854,-11.598,1,27,6/1/1978,King Tut,0.489,123.184,0.689,1978
0.696,106298,['Cheech & Chong'],0.412,244785,0.771,0,Comedy/Spoken,1.56E-05,4,0.884,-7.28,0,24,1973,Basketball Jones,0.108,135.015,0.517,1973
0.847,914671,['Christian Finnegan'],0.591,348347,0.688,0,Comedy/Spoken,0,1,0.951,-10.282,1,44,10/24/2006,****** People (And A Perfectly Good Font Joke),0.913,111.929,0.549,2006
0.823,674417,['Dane Cook'],0.573,109000,0.96,1,Comedy/Spoken,0,7,0.972,-3.39,1,41,5/19/2009,**** ***,0.879,84.975,0.594,2009
0.0805,513813,['Flight of the Conchords'],0.897,158147,0.594,0,Comedy/Spoken,0,1,0.438,-7.408,1,48,10/20/2009,Hurt Feelings,0.264,106,0.557,2009
0.408,513813,['Flight of the Conchords'],0.736,206840,0.668,0,Comedy/Spoken,8.81E-06,2,0.111,-8.842,1,45,10/20/2009,Carol *****,0.116,148.963,0.785,2009
0.177,1036613,['The Lonely Island'],0.52,193013,0.795,1,Comedy/Spoken,0,1,0.107,-3.452,1,48,2009,Boombox,0.345,67.875,0.394,2009
0.111,1036613,['The Lonely Island'],0.638,146867,0.924,1,Comedy/Spoken,0,6,0.359,-3.978,0,46,2009,Natalie's Rap,0.405,169.948,0.519,2009
0.000468,1036613,['The Lonely Island'],0.641,151347,0.87,1,Comedy/Spoken,1.40E-05,7,0.618,-7.175,1,55,2009,**** In My Pants,0.213,122.016,0.199,2009
0.0332,1036613,['The Lonely Island'],0.604,106813,0.819,1,Comedy/Spoken,0,4,0.132,-4.224,0,53,2009,Like A Boss,0.447,73.07,0.676,2009
0.804,1453090,['Daniel Tosh'],0.571,501627,0.818,0,Comedy/Spoken,0,1,0.902,-10.146,1,39,11/8/2005,America The Augmented,0.948,83.453,0.286,2005
0.831,644216,['David Cross'],0.604,301333,0.611,1,Comedy/Spoken,0,6,0.763,-9.632,1,41,5/11/2002,Phone **** From A Cranky Terrorist,0.945,80.186,0.574,2002
0.85,142208,['Eddie Murphy'],0.362,486853,0.943,1,Comedy/Spoken,0,1,0.419,-12.919,1,21,4/11/1983,******* Revisited / **** Prime - Live,0.853,83.906,0.0374,1983
0.764,295415,['Richard Pryor'],0.417,73960,0.983,1,Comedy/Spoken,0,2,0.955,-12.949,1,21,1983,******* - Remastered,0.943,74.449,0.0375,1983
0.823,287860,['Robin Williams'],0.508,337355,0.526,1,Comedy/Spoken,4.25E-06,10,0.845,-24.607,1,25,1/1/1983,Throbbing Python Of Love,0.94,85.223,0.104,1983
0.869,287860,['Robin Williams'],0.524,179722,0.512,1,Comedy/Spoken,4.14E-05,2,0.894,-20.944,1,25,1/1/1983,Cats,0.918,108.305,0.101,1983
0.791,287860,['Robin Williams'],0.511,258401,0.402,1,Comedy/Spoken,0,2,0.961,-25.399,1,24,1/1/1983,Wines,0.93,90.84,0.151,1983
0.858,287860,['Robin Williams'],0.485,223432,0.506,1,Comedy/Spoken,1.66E-05,6,0.828,-22.268,1,24,1/1/1983,Back Home,0.902,108.277,0.118,1983
0.876,287860,['Robin Williams'],0.57,76017,0.622,1,Comedy/Spoken,0.000406,9,0.686,-22.756,1,24,1/1/1983,Richard Simmons,0.919,130.604,0.262,1983
0.882,287860,['Robin Williams'],0.466,245975,0.528,1,Comedy/Spoken,0.000149,9,0.922,-21.129,1,24,1/1/1983,Shake ***** With Mr Happy,0.936,166.82,0.184,1983
0.797,287860,['Robin Williams'],0.55,76744,0.455,1,Comedy/Spoken,0.000203,4,0.945,-20.605,1,23,1/1/1983,Elmer Fudd Sings Bruce Springsteen,0.359,71.044,0.709,1983
0.84,287860,['Robin Williams'],0.585,188873,0.47,1,Comedy/Spoken,0,3,0.902,-24.345,1,21,1/1/1983,The *********,0.949,57.073,0.212,1983
0.832,287860,['Robin Williams'],0.479,138315,0.534,1,Comedy/Spoken,1.39E-05,10,0.866,-26.651,0,21,1/1/1983,****,0.918,79.5,0.104,1983
0.831,287860,['Robin Williams'],0.577,138606,0.64,1,Comedy/Spoken,0.00015,11,0.869,-21.889,0,20,1/1/1983,Babies,0.874,116.357,0.123,1983
0.763,287860,['Robin Williams'],0.625,81014,0.446,1,Comedy/Spoken,0,1,0.962,-22.411,1,20,1/1/1983,Nicholson,0.942,100.808,0.187,1983
0.837,287860,['Robin Williams'],0.592,192610,0.545,1,Comedy/Spoken,3.12E-05,6,0.948,-20.408,1,20,1/1/1983,Devils Dandruff,0.897,125.352,0.3,1983
0.875,287860,['Robin Williams'],0.59,231265,0.47,1,Comedy/Spoken,0,8,0.971,-21.012,0,20,1/1/1983,Christopher,0.927,110.127,0.145,1983
0.73,287860,['Robin Williams'],0.655,154645,0.218,1,Comedy/Spoken,0,8,0.382,-24.287,1,19,1/1/1983,Newsboy,0.926,78.465,0.374,1983
0.54,513813,['Flight of the Conchords'],0.848,129107,0.56,0,Comedy/Spoken,6.24E-05,9,0.0761,-8.666,0,48,4/22/2008,************** vs. ************,0.346,99.856,0.724,2008
0.676,513813,['Flight of the Conchords'],0.814,242160,0.516,0,Comedy/Spoken,0,9,0.114,-9.419,1,48,4/22/2008,The Most Beautiful **** (In The Room),0.236,144.032,0.708,2008
0.0761,513813,['Flight of the Conchords'],0.823,245160,0.783,0,Comedy/Spoken,0.00754,5,0.107,-7.839,0,48,4/22/2008,Business Time,0.0744,95.986,0.866,2008
0.414,513813,['Flight of the Conchords'],0.864,223360,0.523,0,Comedy/Spoken,1.26E-05,9,0.121,-9.86,0,46,4/22/2008,Robots,0.0702,139.996,0.695,2008
0.937,898946,['Mitch Hedberg'],0.511,220093,0.93,1,Comedy/Spoken,3.02E-06,2,0.949,-9.501,1,41,9/9/2008,The Improv Fairy Tale,0.95,132.05,0.209,2008
0.757,639005,['George Carlin'],0.506,482667,0.932,1,Comedy/Spoken,0,2,0.521,-10.328,1,37,2/10/1999,Airport Security,0.925,83.215,0.383,1999
0.744,639005,['George Carlin'],0.624,445067,0.69,1,Comedy/Spoken,0,1,0.791,-13.651,1,28,11/20/1990,Feminist ****,0.947,85.129,0.542,1990
0.798,639005,['George Carlin'],0.458,150133,0.834,1,Comedy/Spoken,0,6,0.76,-13.217,1,28,11/20/1990,**** People Are ****,0.89,57.15,0.139,1990
0.826,639005,['George Carlin'],0.519,287867,0.642,1,Comedy/Spoken,0,7,0.946,-15.185,1,28,11/20/1990,********* Language,0.894,109.43,0.401,1990
0.708,639005,['George Carlin'],0.666,231827,0.749,1,Comedy/Spoken,0,1,0.868,-13.519,1,27,11/20/1990,**** Can Be Funny,0.944,87.704,0.416,1990
0.82,225690,['Jeff Foxworthy'],0.486,589080,0.533,0,Comedy/Spoken,0,0,0.876,-15.784,0,39,7/6/2004,T.V. And Its Side Effects,0.949,55.663,0.204,2004
0.68,278559,['Jerry Lewis'],0.578,136933,0.32,0,Comedy/Spoken,0,3,0.0274,-9.634,1,7,1/1/1956,Shine On Your Shoes,0.04,142.578,0.78,1956
0.543,278559,['Jerry Lewis'],0.683,137067,0.456,0,Comedy/Spoken,0,8,0.343,-9.624,0,7,1/1/1956,********* I'm Happy,0.032,79.303,0.904,1956
0.557,278559,['Jerry Lewis'],0.576,177827,0.328,0,Comedy/Spoken,0,3,0.0743,-11.015,1,7,1/1/1956,Get Happy,0.0336,79.834,0.706,1956
0.632,278559,['Jerry Lewis'],0.423,152427,0.135,0,Comedy/Spoken,0,0,0.124,-14.58,1,6,1/1/1956,Bye Bye Baby,0.0288,129.592,0.42,1956
0.845,278559,['Jerry Lewis'],0.293,226467,0.102,0,Comedy/Spoken,1.45E-05,8,0.366,-17.104,0,6,1/1/1956,How Long Has This Been Going On?,0.0368,132.626,0.134,1956
0.234,278559,['Jerry Lewis'],0.508,173133,0.317,0,Comedy/Spoken,0,8,0.091,-8.581,1,5,1/1/1956,Back In Your Own Back Yard,0.0338,112.15,0.733,1956
0.824,278559,['Jerry Lewis'],0.445,200800,0.184,0,Comedy/Spoken,0,2,0.0433,-12.326,1,4,1/1/1956,Birth Of The *****,0.0556,184.386,0.381,1956
0.457,278559,['Jerry Lewis'],0.535,156067,0.433,0,Comedy/Spoken,0,7,0.114,-8.401,1,40,1/1/1956,Rock-A-Bye Your Baby With A Dixie Melody,0.0331,87.87,0.491,1956
0.609,278559,['Jerry Lewis'],0.65,133533,0.29,0,Comedy/Spoken,0,0,0.329,-10.413,1,14,1/1/1956,I've Got The World On A String,0.0308,104.25,0.826,1956
0.864,278559,['Jerry Lewis'],0.226,202173,0.178,0,Comedy/Spoken,8.81E-06,5,0.358,-13.551,1,9,1/1/1956,By Myself,0.0315,70.726,0.0989,1956
0.473,278559,['Jerry Lewis'],0.354,172200,0.329,0,Comedy/Spoken,0,4,0.0503,-8.24,0,11,1/1/1956,Come Rain Or Come Shine,0.0332,78.712,0.612,1956
0.744,278559,['Jerry Lewis'],0.508,103773,0.559,0,Comedy/Spoken,0,0,0.0783,-8.133,0,9,1/1/1956,I'm Sitting On Top Of The World,0.0861,185.797,0.933,1956
0.593,278559,['Jerry Lewis'],0.565,112533,0.669,0,Comedy/Spoken,0,0,0.508,-11.417,1,28,11/4/1986,Great Balls of Fire,0.0759,80.955,0.901,1986
0.939,287860,['Robin Williams'],0.583,91320,0.78,0,Comedy/Spoken,0,3,0.87,-12.921,1,28,4/11/1986,Ballet - Live,0.921,113.531,0.348,1986
0.93,287860,['Robin Williams'],0.509,118427,0.973,0,Comedy/Spoken,0,6,0.841,-9.552,0,27,4/11/1986,Opening - Live,0.914,77.81,0.0389,1986
0.834,287860,['Robin Williams'],0.581,111347,0.905,0,Comedy/Spoken,0,5,0.787,-10.797,1,26,4/11/1986,Khadafi - Live,0.945,95.519,0.198,1986
0.909,287860,['Robin Williams'],0.6,327867,0.831,0,Comedy/Spoken,0,6,0.833,-12.03,1,26,4/11/1986,Alcohol - Live,0.954,103.99,0.204,1986
0.882,287860,['Robin Williams'],0.604,141907,0.874,0,Comedy/Spoken,0,8,0.96,-11.406,1,26,4/11/1986,Marijuana - Live,0.948,104.986,0.273,1986
0.87,287860,['Robin Williams'],0.521,251147,0.887,0,Comedy/Spoken,0,5,0.749,-11.159,0,25,4/11/1986,Cocaine - Live,0.958,64.525,0.154,1986
0.789,287860,['Robin Williams'],0.545,173640,0.735,0,Comedy/Spoken,0,8,0.729,-14.15,1,24,4/11/1986,Cops - Live,0.96,81.632,0.168,1986
0.852,287860,['Robin Williams'],0.569,345253,0.79,0,Comedy/Spoken,0,1,0.478,-13.108,1,24,4/11/1986,Reagan - Live,0.958,95.798,0.166,1986
0.882,287860,['Robin Williams'],0.496,254547,0.873,0,Comedy/Spoken,0,7,0.94,-11.872,1,24,4/11/1986,Childbirth - Live,0.958,69.595,0.186,1986
0.834,287860,['Robin Williams'],0.527,97933,0.942,0,Comedy/Spoken,0,11,0.828,-10.92,0,23,4/11/1986,Men's Parts - Live,0.955,165.202,0.11,1986
0.803,287860,['Robin Williams'],0.612,228267,0.787,0,Comedy/Spoken,0,1,0.781,-12.617,1,23,4/11/1986,**** - Live,0.949,132.39,0.172,1986
0.828,287860,['Robin Williams'],0.617,92773,0.869,0,Comedy/Spoken,0,6,0.97,-12.754,1,23,4/11/1986,Spring - Live,0.96,61.2,0.125,1986
0.814,287860,['Robin Williams'],0.652,273773,0.919,0,Comedy/Spoken,0,10,0.924,-11.395,1,23,4/11/1986,Dr. Roof - Live,0.952,65.244,0.25,1986
0.78,287860,['Robin Williams'],0.634,128320,0.84,1,Comedy/Spoken,0,1,0.973,-11.473,1,23,4/11/1986,Pregnancy - Live,0.925,113.763,0.189,1986
0.905,287860,['Robin Williams'],0.495,363413,0.876,0,Comedy/Spoken,0,1,0.693,-11.494,1,23,4/11/1986,Childhood - Live,0.96,77.555,0.13,1986
0.948,287860,['Robin Williams'],0.526,196880,0.711,0,Comedy/Spoken,0,10,0.733,-12.812,1,22,4/11/1986,...And the Future - Live,0.954,51.678,0.198,1986
0.179,43444,['Steve Martin'],0.758,148960,0.545,0,Comedy/Spoken,0.000751,5,0.419,-15.797,1,39,11/24/1986,Dentist!,0.2,149.479,0.919,1986
0.919,342833,['Mel Brooks'],0.627,147880,0.334,0,Comedy/Spoken,0,9,0.101,-17.939,0,21,1972,Boy Meets ****,0.958,73.273,0.711,1972
0.875,404529,['Mike Birbiglia'],0.52,391853,0.832,0,Comedy/Spoken,0,3,0.535,-6.715,0,43,4/18/2011,Don't Tell Anyone,0.924,105.209,0.56,2011
0.00107,1036613,['The Lonely Island'],0.661,158520,0.818,0,Comedy/Spoken,1.40E-05,8,0.066,-4.286,1,51,1/1/2011,Threw It On The Ground,0.347,129.736,0.673,2011
0.0459,1036613,['The Lonely Island'],0.761,159000,0.871,0,Comedy/Spoken,0,1,0.0658,-4.088,1,47,1/1/2011,The Creep,0.324,134.145,0.828,2011
0.744,898946,['Mitch Hedberg'],0.547,124907,0.878,0,Comedy/Spoken,0,11,0.917,-10.684,1,40,12/9/2003,Candy Bars,0.916,111.661,0.305,2003
0.768,898946,['Mitch Hedberg'],0.498,66787,0.917,0,Comedy/Spoken,0,3,0.864,-10.434,1,40,12/9/2003,"Not Track Five, Not Chainsaw Juggler",0.947,78.283,0.256,2003
0.791,898946,['Mitch Hedberg'],0.473,113280,0.941,0,Comedy/Spoken,0,2,0.732,-10.66,1,37,12/9/2003,Teeth,0.945,82.672,0.182,2003
0.791,898946,['Mitch Hedberg'],0.491,138893,0.938,0,Comedy/Spoken,0,1,0.715,-10.254,1,44,12/9/2003,Sandwiches,0.95,78.065,0.145,2003
0.222,492670,['Monty Python'],0.799,191187,0.43,0,Comedy/Spoken,0,2,0.125,-12.871,1,21,1980,I Like Chinese,0.0953,121.922,0.867,1980
0.812,245292,['Rodney Dangerfield'],0.498,1171360,0.736,1,Comedy/Spoken,0,5,0.565,-14.779,1,23,1/1/1980,No Respect,0.95,83.932,0.242,1980
0.86,295415,['Richard Pryor'],0.463,130000,0.847,1,Comedy/Spoken,3.18E-05,2,0.936,-12.477,1,27,1975,Wino Dealing with Dracula - Remastered Version,0.936,110.84,0.268,1975
0.85,295415,['Richard Pryor'],0.414,208200,0.822,1,Comedy/Spoken,0,5,0.909,-15.263,0,27,1975,I Hope I'm Funny - Remastered,0.941,83.979,0.179,1975
0.89,295415,['Richard Pryor'],0.526,426040,0.575,1,Comedy/Spoken,0,6,0.706,-14.181,0,25,1975,Wino & **** - Remastered Version,0.943,137.109,0.325,1975
0.855,295415,['Richard Pryor'],0.511,70160,0.748,1,Comedy/Spoken,0,6,0.848,-13.023,1,24,1975,Flying Saucers - Remastered,0.935,107.134,0.221,1975
0.757,295415,['Richard Pryor'],0.475,55133,0.897,1,Comedy/Spoken,0.000433,1,0.715,-12.322,1,23,1975,Black Man / White Woman - Remastered,0.946,61.517,0.374,1975
0.824,295415,['Richard Pryor'],0.559,150307,0.74,1,Comedy/Spoken,0,9,0.863,-13.591,0,23,1975,Have Your **** Home by ***** - Remastered Version,0.95,61.793,0.248,1975
0.817,295415,['Richard Pryor'],0.429,222667,0.75,1,Comedy/Spoken,3.21E-06,6,0.682,-13.897,1,22,1975,Black & White Life ****** - Remastered Version,0.958,76.301,0.234,1975
0.792,295415,['Richard Pryor'],0.42,113267,0.775,1,Comedy/Spoken,2.61E-06,2,0.973,-13.291,1,22,1975,Exorcist - Remastered Version,0.955,81.993,0.319,1975
0.833,295415,['Richard Pryor'],0.454,216573,0.735,1,Comedy/Spoken,1.39E-06,6,0.824,-12.97,0,21,1975,The Back Down - Remastered,0.951,60.353,0.298,1975
0.83,295415,['Richard Pryor'],0.545,101627,0.667,1,Comedy/Spoken,0,4,0.782,-12.837,1,43,1975,**** vs. The Police - Remastered Version,0.957,77.909,0.42,1975
0.933,295415,['Richard Pryor'],0.51,324227,0.685,1,Comedy/Spoken,7.39E-05,8,0.715,-14.742,0,29,1975,**** WIth a Seizure - Remastered Version,0.934,114.478,0.32,1975
0.822,295415,['Richard Pryor'],0.531,101773,0.674,1,Comedy/Spoken,0,8,0.908,-12.158,1,58,10/2/2001,**** vs. The Police,0.955,78.778,0.468,2001
0.883,287860,['Robin Williams'],0.72,129000,0.251,0,Comedy/Spoken,0,9,0.255,-17.13,1,35,8/1/1988,Adrian Cronauer - Pt. *,0.909,116.47,0.645,1988
0.01,287092,['Sam Kinison'],0.455,265507,0.761,1,Comedy/Spoken,0.00603,9,0.663,-13.483,1,29,6/15/1988,Wild Thing,0.0455,98.618,0.679,1988
0.968,364861,['Rudy Ray Moore'],0.635,209624,0.495,0,Comedy/Spoken,0,7,0.891,-6.55,1,9,1962,Beatniks *********** Trial,0.423,114.14,0.578,1962
0.969,364861,['Rudy Ray Moore'],0.605,136094,0.536,0,Comedy/Spoken,1.19E-05,8,0.805,-9.131,1,9,1962,The Plane Started Dipping,0.831,79.104,0.67,1962
0.979,364861,['Rudy Ray Moore'],0.584,117216,0.425,0,Comedy/Spoken,2.32E-05,2,0.817,-6.973,0,9,1962,In the Army-the Beatnik Fairy,0.251,108.58,0.56,1962
0.98,364861,['Rudy Ray Moore'],0.543,107672,0.44,0,Comedy/Spoken,1.85E-05,3,0.235,-9.532,0,9,1962,Problems of the World,0.643,165.049,0.53,1962
0.984,364861,['Rudy Ray Moore'],0.573,211001,0.415,0,Comedy/Spoken,2.39E-05,3,0.976,-9.819,0,9,1962,I'm in Love *****,0.477,127.698,0.504,1962
0.718,899198,['The Smothers Brothers'],0.457,183240,0.277,0,Comedy/Spoken,0,7,0.689,-21.019,1,9,1962,Laredo,0.724,147.983,0.38,1962
0.788,899198,['The Smothers Brothers'],0.658,129853,0.209,0,Comedy/Spoken,0,4,0.223,-19.202,1,6,1962,Stella's Got A New Dress,0.0362,129.929,0.944,1962
0.664,899198,['The Smothers Brothers'],0.481,40827,0.725,0,Comedy/Spoken,0,0,0.839,-18.729,1,5,1962,I Don't Care,0.927,92.538,0.882,1962
0.748,899198,['The Smothers Brothers'],0.472,220733,0.0711,0,Comedy/Spoken,0,3,0.177,-20.641,1,6,1962,The Four Winds And The Seven Seas,0.0327,113.136,0.368,1962
0.683,899198,['The Smothers Brothers'],0.622,189133,0.214,0,Comedy/Spoken,0,4,0.0863,-19.795,1,6,1962,Apples Peaches And Cherries,0.0401,139.479,0.694,1962
0.786,899198,['The Smothers Brothers'],0.53,168187,0.326,0,Comedy/Spoken,0,2,0.985,-20.195,1,12,1962,Chocolate,0.863,134.855,0.665,1962
0.0244,12654,['Spinal Tap'],0.507,200933,0.804,0,Comedy/Spoken,0.0104,9,0.026,-10.18,1,27,1/1/1984,**** Farm,0.0754,112.849,0.508,1984
0.00424,12654,['Spinal Tap'],0.456,187667,0.609,0,Comedy/Spoken,5.03E-05,9,0.58,-11.462,1,25,1/1/1984,**** Hole,0.038,115.383,0.749,1984
0.0762,12654,['Spinal Tap'],0.665,212360,0.437,0,Comedy/Spoken,0.0116,0,0.119,-13.059,1,37,1/1/1984,Big Bottom,0.0335,113.37,0.737,1984
0.00264,12654,['Spinal Tap'],0.398,156267,0.859,0,Comedy/Spoken,6.46E-05,9,0.0305,-10.572,1,39,1/1/1984,******* I'm Gonna Rock You *******,0.0499,92.132,0.72,1984
0.778,12654,['Spinal Tap'],0.718,145400,0.439,0,Comedy/Spoken,0.000212,9,0.308,-13.236,1,34,1/1/1984,Gimme **** Money,0.0524,140.596,0.939,1984
0.432,12654,['Spinal Tap'],0.384,274973,0.467,0,Comedy/Spoken,0.0124,9,0.636,-13.643,1,35,1/1/1984,Stonehenge,0.0439,119.535,0.258,1984
0.889,47246,['Steven Wright'],0.399,245840,0.995,0,Comedy/Spoken,0,6,0.752,-9.029,1,40,9/25/2007,This Woman I Met,0.878,128.39,0.0303,2007
0.297,1036613,['The Lonely Island'],0.711,150587,0.765,1,Comedy/Spoken,0,5,0.282,-4.85,1,59,6/3/2016,Finest **** (Bin Laden Song),0.263,98.627,0.47,2016
0.761,203804,['Victor Borge'],0.536,351533,0.381,0,Comedy/Spoken,0,8,0.876,-20.914,1,0,4/11/1955,Phonetic Punctuation,0.831,90.109,0.0375,1955
0.707,203804,['Victor Borge'],0.471,355427,0.599,0,Comedy/Spoken,1.21E-06,11,0.945,-18.474,1,7,1953,Phonetic Punctuation - Voice,0.87,84.792,0.0378,1953
0.861,203804,['Victor Borge'],0.362,1581160,0.834,0,Comedy/Spoken,8.70E-05,7,0.821,-17.247,1,7,1953,"Comedy in Music, Part I - Voice",0.884,85.228,0.0339,1953
0.909,203804,['Victor Borge'],0.551,553773,0.574,0,Comedy/Spoken,1.08E-06,2,0.834,-15.504,1,6,1953,A Mozart Opera by Borge - Voice,0.914,112.9,0.164,1953
0.791,203804,['Victor Borge'],0.428,371840,0.708,0,Comedy/Spoken,0,6,0.983,-19.435,1,4,1953,Family Background,0.937,75.309,0.0367,1953
0.268,820780,['Whoopi Goldberg'],0.699,220213,0.417,0,Comedy/Spoken,0,9,0.1,-15.677,0,59,1/1/1994,"Be Prepared - From ""The Lion King"" / Soundtrack Version",0.0926,121.855,0.372,1994
